,knn,knnpca
1,0.8713809523809524,0.876452380952381
3,0.874904761904762,0.8811666666666668
5,0.8748571428571429,0.8807619047619047
7,0.8741904761904762,0.8805714285714286
