,knn,knnpca
1,0.0017424928060506579,0.0019567315058385323
3,0.0010470777822521719,0.0014549158207097254
5,0.0013623542381828403,0.001601798875386097
7,0.0015290089864764213,0.0015710677796498586
