,knn,knnpca
1,0.8231598366145094,0.827381964579461
3,0.8196521705980684,0.8252721339907106
5,0.8153693154331803,0.8210581501944864
7,0.8117560600328358,0.8170543074597202
