,knn,knnpca
1,0.0009589961270280158,0.0017719567129824397
3,0.0014885731494268574,0.001519197154986888
5,0.0015728358195271352,0.0020630802421887015
7,0.0016819118317056958,0.0017501832362336717
