,knn,knnpca
1,0.8706428011683703,0.8759665864434935
3,0.8741799378348134,0.8806814964762708
5,0.8741413437462432,0.8802310732430414
7,0.8734540819543752,0.8801048979398862
