,knn,knnpca
1,0.0018075782768945936,0.002007722093361071
3,0.0010938768050233383,0.0015270974242471722
5,0.0013715196220736602,0.0016671754208504577
7,0.001579937648013512,0.001655665643861668
