,knn,knnpca
1,27.745875354607897,8.209117937088012
3,34.21481431325277,7.716599114735922
5,24.57797134319941,8.397548580169678
7,25.769208347797395,7.141672682762146
